pos_x,pos_y,rotation,side,designator,mpn,pack,footprint,value,mount_type
93.32,57.901667,0.0,top,3.3V1,,,LED0805-FD-GREEN,YLED0805G,smt
93.32,52.94,0.0,top,BAT1,,,LED0805-FD-GREEN,YLED0805G,smt
56.3775,77.38,180.0,top,C14,,,C_0805_2012Metric_Pad1.18x1.45mm_HandSolder,0.1uf,smt
68.82,77.42,180.0,top,C15,,,C_0805_2012Metric_Pad1.18x1.45mm_HandSolder,0.1uf,smt
49.5,96.3225,-90.0,top,C16,,,C_0805_2012Metric_Pad1.18x1.45mm_HandSolder,100nf,smt
47.47,96.32,-90.0,top,C17,,,C_0805_2012Metric_Pad1.18x1.45mm_HandSolder,10uf_25v,smt
77.8,55.29,0.0,top,C18,,,C_0805_2012Metric_Pad1.18x1.45mm_HandSolder,100nf,smt
74.76,48.59,0.0,top,C19,,,C_Elec_10x10.2,470uf,smt
89.29,11.88,180.0,top,C20,CA45-D035K226T,,CAP-SMD_L7.3-W4.3-R-RD,CA45-D035K226T,smt
85.41,76.37,-90.0,top,C21,,,C_0805_2012Metric_Pad1.18x1.45mm_HandSolder,1uf,smt
97.56,90.95,0.0,top,C22,,,C_0805_2012Metric_Pad1.18x1.45mm_HandSolder,0.1uf,smt
98.58,77.72,-90.0,top,C23,,,C_0805_2012Metric_Pad1.18x1.45mm_HandSolder,0.1uf,smt
79.7425,70.63,0.0,top,C24,,,C_Elec_6.3x7.7,47uf,smt
89.51,34.46,90.0,top,C25,RVT1V221M0810,,CAP-SMD_BD8.0-L8.3-W8.3-LS9.1-FD,RVT1V221M0810,smt
79.23,26.01,0.0,top,C26,,,C_0805_2012Metric_Pad1.18x1.45mm_HandSolder,0.1uf,smt
87.93,26.48,180.0,top,C27,CL32B106KBJNNNE,,C1210,CL32B106KBJNNNE,smt
81.03,10.02,0.0,top,C28,CL32B106KBJNNNE,,C1210,CL32B106KBJNNNE,smt
72.67,39.93,0.0,top,C29,CL32B106KBJNNNE,,C1210,CL32B106KBJNNNE,smt
65.01,39.89,180.0,top,C30,CL32B106KBJNNNE,,C1210,CL32B106KBJNNNE,smt
83.33,76.22,90.0,top,C31,,,C_0805_2012Metric_Pad1.18x1.45mm_HandSolder,100nf,smt
77.31,76.4,-90.0,top,C40,,,C_0805_2012Metric_Pad1.18x1.45mm_HandSolder,100nf,smt
76.24,24.62,-90.0,top,C53,,,C_0805_2012Metric_Pad1.18x1.45mm_HandSolder,220nF,smt
87.2,23.81,180.0,top,C55,,,C_0805_2012Metric_Pad1.18x1.45mm_HandSolder,0.1uf,smt
68.76,34.1,180.0,top,C56,,,C_0805_2012Metric_Pad1.18x1.45mm_HandSolder,0.1uf,smt
78.2,40.84,180.0,top,C57,,,C_0805_2012Metric_Pad1.18x1.45mm_HandSolder,0.1uf,smt
4.48,12.63,0.0,top,C58,,,C_0805_2012Metric_Pad1.18x1.45mm_HandSolder,0.1uf,smt
48.6,93.4,0.0,top,C59,,,C_0805_2012Metric_Pad1.18x1.45mm_HandSolder,0.1uf,smt
48.6,91.37,0.0,top,C60,,,C_0805_2012Metric_Pad1.18x1.45mm_HandSolder,0.1uf,smt
89.28,82.03,0.0,top,D1,SM05.TCT,,SOT-23-3_L2.9-W1.3-P0.95-LS2.4-BR,SM05.TCT,smt
70.28,26.5,90.0,top,D3,SS54,,SMA_L4.4-W2.8-LS5.4-R-RD,SS54_C22452,smt
87.83,88.22,0.0,top,D4,SM05.TCT,,SOT-23-3_L2.9-W1.3-P0.95-LS2.4-BR,SM05.TCT,smt
83.32,55.34,0.0,top,D5,B330A,,SMA_L4.3-W2.6-LS5.1-RD,B330A,tht
73.39,26.46,90.0,top,D6,SS54,,SMA_L4.4-W2.8-LS5.4-R-RD,SS54_C22452,smt
72.78,36.58,0.0,top,D7,SS54,,SMA_L4.4-W2.8-LS5.4-R-RD,SS54_C22452,smt
65.23,36.62,180.0,top,D8,SS54,,SMA_L4.4-W2.8-LS5.4-R-RD,SS54_C22452,smt
46.36,47.44,90.0,top,GND1,,,PinHeader_1x01_P2.00mm_Vertical,PH_GND,tht
6.45,73.72,90.0,top,H2,2.54-2*10,,HDR-TH_20P-P2.54-V-M-R2-C10-S2.54,2.54-2*10,tht
31.6,47.66,0.0,top,INB1,,,PinHeader_1x01_P2.00mm_Vertical,INB1,tht
28.24,47.66,0.0,top,INB2,,,PinHeader_1x01_P2.00mm_Vertical,INB2,tht
80.74,61.65,90.0,top,L2,,,IND-SMD_L8.5-W8.0_PCC-M0854M,PSPMAA0805-101M-ANP,smt
68.71,13.96,-90.0,top,L4,SMDRI127-220MT,,IND-SMD_L12.3-W12.3_SMDRI127,SMDRI127-220MT,smt
14.75,25.63,180.0,top,M_N1,,,PinHeader_1x01_P2.00mm_Vertical,M_N,tht
14.75,31.74,180.0,top,M_P1,,,PinHeader_1x01_P2.00mm_Vertical,TestPoint,tht
81.9,23.32,-115.0,top,NT1,,,NetTie-2_SMD_Pad0.5mm,NetTie_2,tht
24.88,47.66,0.0,top,PWM1,,,PinHeader_1x01_P2.00mm_Vertical,PWM,tht
81.47,29.63,90.0,top,Q1,AO4435,,SOP-8_L5.0-W3.8-P1.27-LS6.0-BL,AO4435_C2944310,smt
74.24,87.85,-90.0,top,Q14,,,SOT-23-3_L2.9-W1.3-P1.90-LS2.4-TR,2n3904S-RTK/PS_C18536,smt
73.7,77.42,90.0,top,Q16,,,SOT-23-3_L2.9-W1.3-P1.90-LS2.4-TR,2n3904S-RTK/PS_C18536,smt
52.54,77.35,180.0,top,R11,,,R_0805_2012Metric_Pad1.20x1.40mm_HandSolder,10k,smt
65.0,77.39,180.0,top,R12,,,R_0805_2012Metric_Pad1.20x1.40mm_HandSolder,10k,smt
79.23,14.53,0.0,top,R13,YLRY12-3-60F,,R2512,YLRY12-3-60F,tht
89.24,57.89,0.0,top,R14,,,R_0805_2012Metric_Pad1.20x1.40mm_HandSolder,2.2k,smt
89.26,62.8,0.0,top,R15,,,R_0805_2012Metric_Pad1.20x1.40mm_HandSolder,2.2k,smt
86.36,18.0,0.0,top,R16,RC0805FR-07390KL,,R0805,RC0805FR-07390KL,smt
89.22,52.94,0.0,top,R17,,,R_0805_2012Metric_Pad1.20x1.40mm_HandSolder,2.2k,smt
89.455,67.835,0.0,top,R22,,,R_0805_2012Metric_Pad1.20x1.40mm_HandSolder,2.2k,smt
86.235,80.035,180.0,top,R23,,,R_0805_2012Metric_Pad1.20x1.40mm_HandSolder,1k,smt
90.31,72.94,0.0,top,R24,,,R_0805_2012Metric_Pad1.20x1.40mm_HandSolder,10k,smt
76.2,20.83,-90.0,top,R25,,,R_0805_2012Metric_Pad1.20x1.40mm_HandSolder,120,smt
78.75,17.87,0.0,top,R26,,,R_0805_2012Metric_Pad1.20x1.40mm_HandSolder,10k,smt
90.17,17.93,180.0,top,R27,,,R_0805_2012Metric_Pad1.20x1.40mm_HandSolder,41.2K,smt
72.58,90.95,0.0,top,R28,,,R_0805_2012Metric_Pad1.20x1.40mm_HandSolder,4.7K,smt
80.29,76.42,-90.0,top,R29,,,R_0805_2012Metric_Pad1.20x1.40mm_HandSolder,10k,smt
82.56,18.07,0.0,top,R30,,,R_0805_2012Metric_Pad1.20x1.40mm_HandSolder,100K,smt
71.085,86.965,90.0,top,R31,,,R_0805_2012Metric_Pad1.20x1.40mm_HandSolder,10k,smt
72.58,96.94,180.0,top,R32,,,R_0805_2012Metric_Pad1.20x1.40mm_HandSolder,4.7K,smt
48.64,88.41,0.0,top,R33,,,R_0805_2012Metric_Pad1.20x1.40mm_HandSolder,4.7K,smt
48.64,86.43,0.0,top,R34,,,R_0805_2012Metric_Pad1.20x1.40mm_HandSolder,4.7K,smt
44.42,56.61,90.0,top,R35,,,R_0805_2012Metric_Pad1.20x1.40mm_HandSolder,10k,smt
42.39,56.6,-90.0,top,R36,,,R_0805_2012Metric_Pad1.20x1.40mm_HandSolder,30k,smt
73.99,80.47,180.0,top,R79,,,R_0805_2012Metric_Pad1.20x1.40mm_HandSolder,1k,smt
73.81,83.695,0.0,top,R80,,,R_0805_2012Metric_Pad1.20x1.40mm_HandSolder,1k,smt
72.73,92.93,180.0,top,R81,,,R_0805_2012Metric_Pad1.20x1.40mm_HandSolder,0,smt
72.74,94.9,180.0,top,R82,,,R_0805_2012Metric_Pad1.20x1.40mm_HandSolder,0,smt
93.71,90.93,0.0,top,R84,,,R_0805_2012Metric_Pad1.20x1.40mm_HandSolder,1M,smt
96.52,77.74,90.0,top,R85,,,R_0805_2012Metric_Pad1.20x1.40mm_HandSolder,1M,smt
93.32,62.863333,0.0,top,RUN1,,,LED0805-FD-GREEN,YLED0805G,smt
66.71,73.1,0.0,top,SW2,,,SW-SMD_4P-L6.0-W6.0-P4.50-LS8.2,BOOT,tht
54.25,73.21,0.0,top,SW4,,,SW-SMD_4P-L6.0-W6.0-P4.50-LS8.2,RESET,tht
3.851264,35.577644,90.0,top,U10,DB125-3.81-2P-BK-S,,CONN-TH_2P-P3.81_DB125-3.81-2P-BK-S,DB125-3.81-2P-BK-S,tht
85.9225,4.0825,180.0,top,U11,DB125-3.81-2P-BK-S,,CONN-TH_2P-P3.81_DB125-3.81-2P-BK-S,DB125-3.81-2P-BK-S,tht
79.88,83.56,180.0,top,U15,,,SOIC-16_3.9x9.9mm_P1.27mm,CH340C,smt
60.31,90.15,0.0,top,U16,,,ESP32-WROOM-32U,ESP32-WROOM-32D,smt
39.39,48.445,180.0,top,U2,,,L298N-module-43x43mm,L298N,tht
90.24,76.51,-90.0,top,U3,CH224K,,ESSOP-10_L4.9-W3.9-P1.0-LS6.0-TL-EP,CH224K,smt
81.25,22.3275,-90.0,top,U4,CN3795,,SSOP-10_L4.9-W3.9-P1.00-LS6.0-BL,CN3795,smt
48.27,56.38,180.0,top,U5,LM358DR,,SOIC-8_L5.0-W4.0-P1.27-LS6.0-BL,LM358DR,smt
68.7,59.37,0.0,top,U7,,,PG-TO-263-5_L10.2-W8.7-P1.70-LS14.4-BR,LM2576HVS-3.3,smt
3.851264,18.235144,90.0,top,U8,DB125-3.81-2P-BK-S,,CONN-TH_2P-P3.81_DB125-3.81-2P-BK-S,DB125-3.81-2P-BK-S,tht
3.851264,26.905144,90.0,top,U9,DB125-3.81-2P-BK-S,,CONN-TH_2P-P3.81_DB125-3.81-2P-BK-S,DB125-3.81-2P-BK-S,tht
94.8575,84.8,90.0,top,USB1,TYPE-C 16PIN 2MD(073),,USB-C-SMD_TYPE-C-16PIN-2MD-073,TYPE-C 16PIN 2MD,smt
93.32,67.825,0.0,top,USB3,,,LED0805-FD-GREEN,YLED0805G,smt
51.44,47.44,90.0,top,VCC1,,,PinHeader_1x01_P2.00mm_Vertical,M_VCC,tht
